SRR3622488,SampleAC221_ATTCCTATCACG_L003_R1_001.fastq
SRR3622490,SampleAC261_ATTCCTGGCTAC_L004_R1_001.fastq
SRR3622491,SampleAD91_AGAATCTAGCTT_L004_R1_001.fastq
SRR3622489,SampleAC221_ATTCCTATCACG_L004_R1_001.fastq
SRR3622492,SampleAD91_AGAATCTAGCTT_L005_R1_001.fastq
SRR3622493,SampleAD92_AGAATCGGCTAC_L003_R1_001.fastq
SRR3622494,SampleAD92_AGAATCGGCTAC_L004_R1_001.fastq
SRR3622495,SampleAD92_AGAATCGGCTAC_L005_R1_001.fastq
SRR3622496,SampleAD93_TGTTAGGGCTAC_L003_R1_001.fastq
SRR3622497,SampleAD93_TGTTAGGGCTAC_L004_R1_001.fastq
SRR3622498,SampleAD93_TGTTAGGGCTAC_L005_R1_001.fastq
SRR3622499,SampleAO221_CGGAATATCACG_L003_R1_001.fastq
SRR3622500,SampleAO221_CGGAATATCACG_L004_R1_001.fastq
SRR3622501,SampleAC261_ATTCCTGGCTAC_L005_R1_001.fastq
SRR3622502,SampleAO221_CGGAATATCACG_L005_R1_001.fastq
SRR3622503,SampleAO222_CGGAATACTTGA_L003_R1_001.fastq
SRR3622504,SampleAO222_CGGAATACTTGA_L004_R1_001.fastq
SRR3622505,SampleAO222_CGGAATACTTGA_L005_R1_001.fastq
SRR3622506,SampleAO223_CGGAATTAGCTT_L003_R1_001.fastq
SRR3622507,SampleAO223_CGGAATTAGCTT_L004_R1_001.fastq
SRR3622508,SampleAO223_CGGAATTAGCTT_L005_R1_001.fastq
SRR3622509,SampleAO262_CGGAATGGCTAC_L003_R1_001.fastq
SRR3622510,SampleAO262_CGGAATGGCTAC_L004_R1_001.fastq
SRR3622511,SampleAO262_CGGAATGGCTAC_L005_R1_001.fastq
SRR3622512,SampleAC262_AAGGGAATCACG_L003_R1_001.fastq
SRR3622513,SampleAO263_ATTGGGATCACG_L003_R1_001.fastq
SRR3622514,SampleAO263_ATTGGGATCACG_L004_R1_001.fastq
SRR3622515,SampleAO263_ATTGGGATCACG_L005_R1_001.fastq
SRR3622516,SampleAO273_ATTGGGACTTGA_L003_R1_001.fastq
SRR3622517,SampleAO273_ATTGGGACTTGA_L004_R1_001.fastq
SRR3622518,SampleAO273_ATTGGGACTTGA_L005_R1_001.fastq
SRR3622519,SampleAO301_ATTGGGTAGCTT_L003_R1_001.fastq
SRR3622520,SampleAO301_ATTGGGTAGCTT_L004_R1_001.fastq
SRR3622521,SampleAO301_ATTGGGTAGCTT_L005_R1_001.fastq
SRR3622522,SampleAO302_ATTGGGGGCTAC_L003_R1_001.fastq
SRR3622523,SampleAC262_AAGGGAATCACG_L004_R1_001.fastq
SRR3622524,SampleAO302_ATTGGGGGCTAC_L004_R1_001.fastq
SRR3622525,SampleAO302_ATTGGGGGCTAC_L005_R1_001.fastq
SRR3622526,SampleAO303_TAATCGATCACG_L003_R1_001.fastq
SRR3622527,SampleAO303_TAATCGATCACG_L004_R1_001.fastq
SRR3622528,SampleAO303_TAATCGATCACG_L005_R1_001.fastq
SRR3622529,SampleAO41_TAATCGACTTGA_L003_R1_001.fastq
SRR3622530,SampleAO41_TAATCGACTTGA_L004_R1_001.fastq
SRR3622531,SampleAO41_TAATCGACTTGA_L005_R1_001.fastq
SRR3622532,SampleAO42_TAATCGTAGCTT_L003_R1_001.fastq
SRR3622533,SampleAO42_TAATCGTAGCTT_L004_R1_001.fastq
SRR3622534,SampleAC262_AAGGGAATCACG_L005_R1_001.fastq
SRR3622535,SampleAO42_TAATCGTAGCTT_L005_R1_001.fastq
SRR3622536,SampleAO43_TAATCGGGCTAC_L003_R1_001.fastq
SRR3622537,SampleAO43_TAATCGGGCTAC_L004_R1_001.fastq
SRR3622538,SampleAO43_TAATCGGGCTAC_L005_R1_001.fastq
SRR3622539,SampleAO52_CCGCGTATCACG_L003_R1_001.fastq
SRR3622540,SampleAO52_CCGCGTATCACG_L004_R1_001.fastq
SRR3622542,SampleAO53_CCGCGTACTTGA_L003_R1_001.fastq
SRR3622541,SampleAO52_CCGCGTATCACG_L005_R1_001.fastq
SRR3622543,SampleAO53_CCGCGTACTTGA_L004_R1_001.fastq
SRR3622544,SampleAO53_CCGCGTACTTGA_L005_R1_001.fastq
SRR3622546,SampleAO71_CCGCGTTAGCTT_L003_R1_001.fastq
SRR3622545,SampleAC272_AAGGGAACTTGA_L003_R1_001.fastq
SRR3622547,SampleAO71_CCGCGTTAGCTT_L004_R1_001.fastq
SRR3622549,SampleAO72_CCGCGTGGCTAC_L003_R1_001.fastq
SRR3622550,SampleAO72_CCGCGTGGCTAC_L004_R1_001.fastq
SRR3622548,SampleAO71_CCGCGTTAGCTT_L005_R1_001.fastq
SRR3622551,SampleAO72_CCGCGTGGCTAC_L005_R1_001.fastq
SRR3622553,SampleAO73_TACAGCATCACG_L004_R1_001.fastq
SRR3622552,SampleAO73_TACAGCATCACG_L003_R1_001.fastq
SRR3622554,SampleAO73_TACAGCATCACG_L005_R1_001.fastq
SRR3622555,SampleAO91_TACAGCACTTGA_L003_R1_001.fastq
SRR3622556,SampleAC272_AAGGGAACTTGA_L004_R1_001.fastq
SRR3622557,SampleAO91_TACAGCACTTGA_L004_R1_001.fastq
SRR3622558,SampleAO91_TACAGCACTTGA_L005_R1_001.fastq
SRR3622559,SampleAO93_TTCTATATCACG_L003_R1_001.fastq
SRR3622560,SampleAO93_TTCTATATCACG_L004_R1_001.fastq
SRR3622561,SampleAO93_TTCTATATCACG_L005_R1_001.fastq
SRR3622562,SampleL4.1_TCACATATCACG_L003_R1_001.fastq
SRR3622563,SampleL4.1_TCACATATCACG_L004_R1_001.fastq
SRR3622564,SampleL4.1_TCACATATCACG_L005_R1_001.fastq
SRR3622565,SampleL4.2_TCACATACTTGA_L003_R1_001.fastq
SRR3622566,SampleL4.2_TCACATACTTGA_L004_R1_001.fastq
SRR3622567,SampleAC272_AAGGGAACTTGA_L005_R1_001.fastq
SRR3622568,SampleL4.2_TCACATACTTGA_L005_R1_001.fastq
SRR3622569,SampleL5.1_TCACATTAGCTT_L003_R1_001.fastq
SRR3622570,SampleL5.1_TCACATTAGCTT_L004_R1_001.fastq
SRR3622571,SampleL5.1_TCACATTAGCTT_L005_R1_001.fastq
SRR3622572,SampleL5.2_TCACATGGCTAC_L003_R1_001.fastq
SRR3622573,SampleL5.2_TCACATGGCTAC_L004_R1_001.fastq
SRR3622574,SampleL5.2_TCACATGGCTAC_L005_R1_001.fastq
SRR3622575,SampleL7.1_TCTATAATCACG_L003_R1_001.fastq
SRR3622576,SampleL7.1_TCTATAATCACG_L004_R1_001.fastq
SRR3622578,SampleAC273_AAGGGATAGCTT_L003_R1_001.fastq
SRR3622577,SampleL7.1_TCTATAATCACG_L005_R1_001.fastq
SRR3622579,SampleL7.2_TCTATAACTTGA_L003_R1_001.fastq
SRR3622580,SampleL7.2_TCTATAACTTGA_L004_R1_001.fastq
SRR3622581,SampleL7.2_TCTATAACTTGA_L005_R1_001.fastq
SRR3622582,SampleL9.1_TCTATATAGCTT_L003_R1_001.fastq
SRR3622583,SampleL9.1_TCTATATAGCTT_L004_R1_001.fastq
SRR3622584,SampleL9.1_TCTATATAGCTT_L005_R1_001.fastq
SRR3622585,SampleL9.2_TCTATAGGCTAC_L003_R1_001.fastq
SRR3622586,SampleL9.2_TCTATAGGCTAC_L004_R1_001.fastq
SRR3622587,SampleL9.2_TCTATAGGCTAC_L005_R1_001.fastq
SRR3622588,SampleNC221_TACAGCTAGCTT_L003_R1_001.fastq
SRR3622589,SampleAC273_AAGGGATAGCTT_L004_R1_001.fastq
SRR3622590,SampleNC221_TACAGCTAGCTT_L004_R1_001.fastq
SRR3622591,SampleNC221_TACAGCTAGCTT_L005_R1_001.fastq
SRR3622592,SampleNC222_TACAGCGGCTAC_L003_R1_001.fastq
SRR3622593,SampleNC222_TACAGCGGCTAC_L004_R1_001.fastq
SRR3622594,SampleNC222_TACAGCGGCTAC_L005_R1_001.fastq
SRR3622595,SampleNC223_CGCCCTATCACG_L003_R1_001.fastq
SRR3622596,SampleNC223_CGCCCTATCACG_L004_R1_001.fastq
SRR3622597,SampleNC223_CGCCCTATCACG_L005_R1_001.fastq
SRR3622598,SampleNC261_CGCCCTACTTGA_L003_R1_001.fastq
SRR3622599,SampleNC261_CGCCCTACTTGA_L004_R1_001.fastq
SRR3622601,SampleAC273_AAGGGATAGCTT_L005_R1_001.fastq
SRR3622600,SampleAC221_ATTCCTATCACG_L005_R1_001.fastq
SRR3622603,SampleNC262_CGCCCTTAGCTT_L003_R1_001.fastq
SRR3622602,SampleNC261_CGCCCTACTTGA_L005_R1_001.fastq
SRR3622604,SampleNC262_CGCCCTTAGCTT_L004_R1_001.fastq
SRR3622606,SampleNC263_CGCCCTGGCTAC_L003_R1_001.fastq
SRR3622607,SampleNC263_CGCCCTGGCTAC_L004_R1_001.fastq
SRR3622608,SampleNC263_CGCCCTGGCTAC_L005_R1_001.fastq
SRR3622609,SampleNC271_TGTCGTATCACG_L003_R1_001.fastq
SRR3622610,SampleNC271_TGTCGTATCACG_L004_R1_001.fastq
SRR3622611,SampleNC271_TGTCGTATCACG_L005_R1_001.fastq
SRR3622605,SampleNC262_CGCCCTTAGCTT_L005_R1_001.fastq
SRR3622612,SampleAC301_AAGGGAGGCTAC_L003_R1_001.fastq
SRR3622613,SampleNC272_TGTCGTACTTGA_L003_R1_001.fastq
SRR3622614,SampleNC272_TGTCGTACTTGA_L004_R1_001.fastq
SRR3622615,SampleNC272_TGTCGTACTTGA_L005_R1_001.fastq
SRR3622616,SampleNC273_TGTCGTTAGCTT_L003_R1_001.fastq
SRR3622617,SampleNC273_TGTCGTTAGCTT_L004_R1_001.fastq
SRR3622619,SampleNC301_TGTCGTGGCTAC_L003_R1_001.fastq
SRR3622618,SampleNC273_TGTCGTTAGCTT_L005_R1_001.fastq
SRR3622621,SampleNC301_TGTCGTGGCTAC_L005_R1_001.fastq
SRR3622622,SampleNC302_CTGCAGATCACG_L003_R1_001.fastq
SRR3622623,SampleAC301_AAGGGAGGCTAC_L004_R1_001.fastq
SRR3622624,SampleNC302_CTGCAGATCACG_L004_R1_001.fastq
SRR3622625,SampleNC302_CTGCAGATCACG_L005_R1_001.fastq
SRR3622620,SampleNC301_TGTCGTGGCTAC_L004_R1_001.fastq
SRR3622626,SampleNC303_CTGCAGACTTGA_L003_R1_001.fastq
SRR3622627,SampleNC303_CTGCAGACTTGA_L004_R1_001.fastq
SRR3622628,SampleNC303_CTGCAGACTTGA_L005_R1_001.fastq
SRR3622629,SampleNC41_CTGCAGTAGCTT_L003_R1_001.fastq
SRR3622630,SampleNC41_CTGCAGTAGCTT_L004_R1_001.fastq
SRR3622631,SampleNC41_CTGCAGTAGCTT_L005_R1_001.fastq
SRR3622632,SampleNC42_CTGCAGGGCTAC_L003_R1_001.fastq
SRR3622633,SampleNC42_CTGCAGGGCTAC_L004_R1_001.fastq
SRR3622634,SampleAC301_AAGGGAGGCTAC_L005_R1_001.fastq
SRR3622635,SampleNC42_CTGCAGGGCTAC_L005_R1_001.fastq
SRR3622636,SampleNC43_CCCTTGATCACG_L003_R1_001.fastq
SRR3622637,SampleNC43_CCCTTGATCACG_L004_R1_001.fastq
SRR3622638,SampleNC43_CCCTTGATCACG_L005_R1_001.fastq
SRR3622639,SampleNC51_CCCTTGACTTGA_L003_R1_001.fastq
SRR3622640,SampleNC51_CCCTTGACTTGA_L004_R1_001.fastq
SRR3622641,SampleNC51_CCCTTGACTTGA_L005_R1_001.fastq
SRR3622642,SampleNC52_CCCTTGTAGCTT_L003_R1_001.fastq
SRR3622643,SampleNC52_CCCTTGTAGCTT_L004_R1_001.fastq
SRR3622644,SampleNC52_CCCTTGTAGCTT_L005_R1_001.fastq
SRR3622645,SampleAC302_CACCGGATCACG_L003_R1_001.fastq
SRR3622646,SampleNC53_CCCTTGGGCTAC_L003_R1_001.fastq
SRR3622647,SampleNC53_CCCTTGGGCTAC_L004_R1_001.fastq
SRR3622648,SampleNC53_CCCTTGGGCTAC_L005_R1_001.fastq
SRR3622649,SampleNC71_GAAGTTATCACG_L003_R1_001.fastq
SRR3622650,SampleNC71_GAAGTTATCACG_L004_R1_001.fastq
SRR3622651,SampleNC71_GAAGTTATCACG_L005_R1_001.fastq
SRR3622652,SampleNC72_GAAGTTACTTGA_L003_R1_001.fastq
SRR3622653,SampleNC72_GAAGTTACTTGA_L004_R1_001.fastq
SRR3622654,SampleNC72_GAAGTTACTTGA_L005_R1_001.fastq
SRR3622655,SampleNC73_GAAGTTTAGCTT_L003_R1_001.fastq
SRR3622656,SampleAC302_CACCGGATCACG_L004_R1_001.fastq
SRR3622657,SampleNC73_GAAGTTTAGCTT_L004_R1_001.fastq
SRR3622658,SampleNC73_GAAGTTTAGCTT_L005_R1_001.fastq
SRR3622659,SampleNC91_GAAGTTGGCTAC_L003_R1_001.fastq
SRR3622660,SampleNC91_GAAGTTGGCTAC_L004_R1_001.fastq
SRR3622661,SampleNC91_GAAGTTGGCTAC_L005_R1_001.fastq
SRR3622662,SampleNC92_ACCGGCATCACG_L003_R1_001.fastq
SRR3622663,SampleNC92_ACCGGCATCACG_L004_R1_001.fastq
SRR3622664,SampleNC92_ACCGGCATCACG_L005_R1_001.fastq
SRR3622666,SampleNC93_ACCGGCACTTGA_L004_R1_001.fastq
SRR3622665,SampleNC93_ACCGGCACTTGA_L003_R1_001.fastq
SRR3622668,SampleNC93_ACCGGCACTTGA_L005_R1_001.fastq
SRR3622669,SampleND261_ACCGGCTAGCTT_L003_R1_001.fastq
SRR3622670,SampleND261_ACCGGCTAGCTT_L004_R1_001.fastq
SRR3622671,SampleND261_ACCGGCTAGCTT_L005_R1_001.fastq
SRR3622672,SampleND262_TTCTATACTTGA_L003_R1_001.fastq
SRR3622673,SampleND262_TTCTATACTTGA_L004_R1_001.fastq
SRR3622674,SampleND262_TTCTATACTTGA_L005_R1_001.fastq
SRR3622667,SampleAC302_CACCGGATCACG_L005_R1_001.fastq
SRR3622676,SampleND271_ACCGGCGGCTAC_L004_R1_001.fastq
SRR3622677,SampleND271_ACCGGCGGCTAC_L005_R1_001.fastq
SRR3622675,SampleND271_ACCGGCGGCTAC_L003_R1_001.fastq
SRR3622678,SampleAC303_CACCGGACTTGA_L003_R1_001.fastq
SRR3622680,SampleND273_GCACCCATCACG_L004_R1_001.fastq
SRR3622681,SampleND273_GCACCCATCACG_L005_R1_001.fastq
SRR3622682,SampleND301_GCACCCACTTGA_L003_R1_001.fastq
SRR3622679,SampleND273_GCACCCATCACG_L003_R1_001.fastq
SRR3622683,SampleND301_GCACCCACTTGA_L004_R1_001.fastq
SRR3622685,SampleND302_GCACCCTAGCTT_L003_R1_001.fastq
SRR3622684,SampleND301_GCACCCACTTGA_L005_R1_001.fastq
SRR3622686,SampleND302_GCACCCTAGCTT_L004_R1_001.fastq
SRR3622687,SampleND302_GCACCCTAGCTT_L005_R1_001.fastq
SRR3622688,SampleND303_GCACCCGGCTAC_L003_R1_001.fastq
SRR3622689,SampleAC303_CACCGGACTTGA_L004_R1_001.fastq
SRR3622690,SampleND303_GCACCCGGCTAC_L004_R1_001.fastq
SRR3622691,SampleND303_GCACCCGGCTAC_L005_R1_001.fastq
SRR3622692,SampleND41_TTACTGATCACG_L003_R1_001.fastq
SRR3622693,SampleND41_TTACTGATCACG_L004_R1_001.fastq
SRR3622694,SampleND41_TTACTGATCACG_L005_R1_001.fastq
SRR3622695,SampleND42_TTCTATTAGCTT_L003_R1_001.fastq
SRR3622696,SampleND42_TTCTATTAGCTT_L004_R1_001.fastq
SRR3622697,SampleND42_TTCTATTAGCTT_L005_R1_001.fastq
SRR3622698,SampleND51_TTACTGACTTGA_L003_R1_001.fastq
SRR3622699,SampleND51_TTACTGACTTGA_L004_R1_001.fastq
SRR3622700,SampleAC303_CACCGGACTTGA_L005_R1_001.fastq
SRR3622701,SampleND51_TTACTGACTTGA_L005_R1_001.fastq
SRR3622702,SampleND52_TTACTGTAGCTT_L003_R1_001.fastq
SRR3622704,SampleND52_TTACTGTAGCTT_L005_R1_001.fastq
SRR3622705,SampleND53_TTACTGGGCTAC_L003_R1_001.fastq
SRR3622703,SampleND52_TTACTGTAGCTT_L004_R1_001.fastq
SRR3622706,SampleND53_TTACTGGGCTAC_L004_R1_001.fastq
SRR3622707,SampleND53_TTACTGGGCTAC_L005_R1_001.fastq
SRR3622708,SampleND71_GCAGGAATCACG_L003_R1_001.fastq
SRR3622709,SampleND71_GCAGGAATCACG_L004_R1_001.fastq
SRR3622710,SampleND71_GCAGGAATCACG_L005_R1_001.fastq
SRR3622711,SampleAC222_ATTCCTACTTGA_L003_R1_001.fastq
SRR3622712,SampleAC41_CACCGGTAGCTT_L003_R1_001.fastq
SRR3622713,SampleND73_GCAGGAACTTGA_L003_R1_001.fastq
SRR3622714,SampleND73_GCAGGAACTTGA_L004_R1_001.fastq
SRR3622715,SampleND73_GCAGGAACTTGA_L005_R1_001.fastq
SRR3622717,SampleND91_GCAGGATAGCTT_L004_R1_001.fastq
SRR3622716,SampleND91_GCAGGATAGCTT_L003_R1_001.fastq
SRR3622718,SampleND91_GCAGGATAGCTT_L005_R1_001.fastq
SRR3622719,SampleND93_GCAGGAGGCTAC_L003_R1_001.fastq
SRR3622720,SampleND93_GCAGGAGGCTAC_L004_R1_001.fastq
SRR3622722,SampleNO221_AAAAGTATCACG_L003_R1_001.fastq
SRR3622721,SampleND93_GCAGGAGGCTAC_L005_R1_001.fastq
SRR3622723,SampleAC41_CACCGGTAGCTT_L004_R1_001.fastq
SRR3622724,SampleNO221_AAAAGTATCACG_L004_R1_001.fastq
SRR3622725,SampleNO221_AAAAGTATCACG_L005_R1_001.fastq
SRR3622726,SampleNO222_AAAAGTACTTGA_L003_R1_001.fastq
SRR3622727,SampleNO222_AAAAGTACTTGA_L004_R1_001.fastq
SRR3622729,SampleNO261_AAAAGTTAGCTT_L003_R1_001.fastq
SRR3622728,SampleNO222_AAAAGTACTTGA_L005_R1_001.fastq
SRR3622730,SampleNO261_AAAAGTTAGCTT_L004_R1_001.fastq
SRR3622732,SampleNO262_AAAAGTGGCTAC_L003_R1_001.fastq
SRR3622731,SampleNO261_AAAAGTTAGCTT_L005_R1_001.fastq
SRR3622733,SampleNO262_AAAAGTGGCTAC_L004_R1_001.fastq
SRR3622734,SampleAC41_CACCGGTAGCTT_L005_R1_001.fastq
SRR3622735,SampleNO262_AAAAGTGGCTAC_L005_R1_001.fastq
SRR3622736,SampleNO263_GCCGCGATCACG_L003_R1_001.fastq
SRR3622737,SampleNO263_GCCGCGATCACG_L004_R1_001.fastq
SRR3622738,SampleNO263_GCCGCGATCACG_L005_R1_001.fastq
SRR3622739,SampleNO271_GCCGCGACTTGA_L003_R1_001.fastq
SRR3622741,SampleNO271_GCCGCGACTTGA_L005_R1_001.fastq
SRR3622740,SampleNO271_GCCGCGACTTGA_L004_R1_001.fastq
SRR3622742,SampleNO273_GCCGCGTAGCTT_L003_R1_001.fastq
SRR3622743,SampleNO273_GCCGCGTAGCTT_L004_R1_001.fastq
SRR3622744,SampleNO273_GCCGCGTAGCTT_L005_R1_001.fastq
SRR3622745,SampleAC42_CACCGGGGCTAC_L003_R1_001.fastq
SRR3622746,SampleNO301_GCCGCGGGCTAC_L003_R1_001.fastq
SRR3622747,SampleNO301_GCCGCGGGCTAC_L004_R1_001.fastq
SRR3622748,SampleNO301_GCCGCGGGCTAC_L005_R1_001.fastq
SRR3622749,SampleNO302_GGCGGTATCACG_L003_R1_001.fastq
SRR3622750,SampleNO302_GGCGGTATCACG_L004_R1_001.fastq
SRR3622752,SampleNO303_GGCGGTACTTGA_L003_R1_001.fastq
SRR3622751,SampleNO302_GGCGGTATCACG_L005_R1_001.fastq
SRR3622753,SampleNO303_GGCGGTACTTGA_L004_R1_001.fastq
SRR3622754,SampleNO303_GGCGGTACTTGA_L005_R1_001.fastq
SRR3622755,SampleNO41_GGCGGTTAGCTT_L003_R1_001.fastq
SRR3622756,SampleAC42_CACCGGGGCTAC_L004_R1_001.fastq
SRR3622757,SampleNO41_GGCGGTTAGCTT_L004_R1_001.fastq
SRR3622770,SampleNO41_GGCGGTTAGCTT_L005_R1_001.fastq
SRR3622771,SampleNO42_GGCGGTGGCTAC_L003_R1_001.fastq
SRR3622772,SampleNO42_GGCGGTGGCTAC_L004_R1_001.fastq
SRR3622773,SampleNO42_GGCGGTGGCTAC_L005_R1_001.fastq
SRR3622774,SampleNO43_GTATTAATCACG_L003_R1_001.fastq
SRR3622775,SampleNO43_GTATTAATCACG_L004_R1_001.fastq
SRR3622776,SampleNO43_GTATTAATCACG_L005_R1_001.fastq
SRR3622777,SampleNO52_GTATTAACTTGA_L003_R1_001.fastq
SRR3622778,SampleNO52_GTATTAACTTGA_L004_R1_001.fastq
SRR3622779,SampleAC42_CACCGGGGCTAC_L005_R1_001.fastq
SRR3622781,SampleNO53_GTATTATAGCTT_L003_R1_001.fastq
SRR3622780,SampleNO52_GTATTAACTTGA_L005_R1_001.fastq
SRR3622782,SampleNO53_GTATTATAGCTT_L004_R1_001.fastq
SRR3622783,SampleNO53_GTATTATAGCTT_L005_R1_001.fastq
SRR3622784,SampleNO71_GTATTAGGCTAC_L003_R1_001.fastq
SRR3622785,SampleNO71_GTATTAGGCTAC_L004_R1_001.fastq
SRR3622786,SampleNO71_GTATTAGGCTAC_L005_R1_001.fastq
SRR3622787,SampleNO72_TTCTATGGCTAC_L003_R1_001.fastq
SRR3622788,SampleNO72_TTCTATGGCTAC_L004_R1_001.fastq
SRR3622789,SampleNO72_TTCTATGGCTAC_L005_R1_001.fastq
SRR3622790,SampleAC51_ACGATTATCACG_L003_R1_001.fastq
SRR3622791,SampleNO73_TACGTGATCACG_L003_R1_001.fastq
SRR3622792,SampleNO73_TACGTGATCACG_L004_R1_001.fastq
SRR3622793,SampleNO73_TACGTGATCACG_L005_R1_001.fastq
SRR3622794,SampleNO91_TACGTGACTTGA_L003_R1_001.fastq
SRR3622796,SampleNO91_TACGTGACTTGA_L005_R1_001.fastq
SRR3622795,SampleNO91_TACGTGACTTGA_L004_R1_001.fastq
SRR3622797,SampleNO92_TACGTGTAGCTT_L003_R1_001.fastq
SRR3622798,SampleNO92_TACGTGTAGCTT_L004_R1_001.fastq
SRR3622799,SampleNO92_TACGTGTAGCTT_L005_R1_001.fastq
SRR3622800,SampleNO93_TACGTGGGCTAC_L003_R1_001.fastq
SRR3622801,SampleAC51_ACGATTATCACG_L004_R1_001.fastq
SRR3622802,SampleNO93_TACGTGGGCTAC_L004_R1_001.fastq
SRR3622803,SampleNO93_TACGTGGGCTAC_L005_R1_001.fastq
SRR3622804,SampleW22.1_TGCAAAATCACG_L003_R1_001.fastq
SRR3622805,SampleW22.1_TGCAAAATCACG_L004_R1_001.fastq
SRR3622806,SampleW22.1_TGCAAAATCACG_L005_R1_001.fastq
SRR3622807,SampleW22.2_TGCAAAACTTGA_L003_R1_001.fastq
SRR3622808,SampleW22.2_TGCAAAACTTGA_L004_R1_001.fastq
SRR3622809,SampleW22.2_TGCAAAACTTGA_L005_R1_001.fastq
SRR3622829,SampleW26.1_TGCAAATAGCTT_L004_R1_001.fastq
SRR3622828,SampleW26.1_TGCAAATAGCTT_L003_R1_001.fastq
SRR3622830,SampleAC51_ACGATTATCACG_L005_R1_001.fastq
SRR3622832,SampleW26.2_TGCAAAGGCTAC_L003_R1_001.fastq
SRR3622831,SampleW26.1_TGCAAATAGCTT_L005_R1_001.fastq
SRR3622833,SampleW26.2_TGCAAAGGCTAC_L004_R1_001.fastq
SRR3622834,SampleW26.2_TGCAAAGGCTAC_L005_R1_001.fastq
SRR3622835,SampleW27.1_TGGCACATCACG_L003_R1_001.fastq
SRR3622836,SampleW27.1_TGGCACATCACG_L004_R1_001.fastq
SRR3622837,SampleW27.1_TGGCACATCACG_L005_R1_001.fastq
SRR3622839,SampleW27.2_TGGCACACTTGA_L004_R1_001.fastq
SRR3622838,SampleW27.2_TGGCACACTTGA_L003_R1_001.fastq
SRR3622840,SampleW27.2_TGGCACACTTGA_L005_R1_001.fastq
SRR3622841,SampleAC53_ACGATTACTTGA_L003_R1_001.fastq
SRR3622842,SampleW30.1_TGGCACTAGCTT_L003_R1_001.fastq
SRR3622843,SampleW30.1_TGGCACTAGCTT_L004_R1_001.fastq
SRR3622844,SampleW30.1_TGGCACTAGCTT_L005_R1_001.fastq
SRR3622845,SampleW30.2_TGGCACGGCTAC_L003_R1_001.fastq
SRR3622846,SampleW30.2_TGGCACGGCTAC_L004_R1_001.fastq
SRR3622848,SampleAC222_ATTCCTACTTGA_L004_R1_001.fastq
SRR3622847,SampleW30.2_TGGCACGGCTAC_L005_R1_001.fastq
SRR3622849,SampleAC53_ACGATTACTTGA_L004_R1_001.fastq
SRR3622851,SampleAC71_ACGATTTAGCTT_L003_R1_001.fastq
SRR3622850,SampleAC53_ACGATTACTTGA_L005_R1_001.fastq
SRR3622852,SampleAC71_ACGATTTAGCTT_L004_R1_001.fastq
SRR3622853,SampleAC71_ACGATTTAGCTT_L005_R1_001.fastq
SRR3622854,SampleAC72_ACGATTGGCTAC_L003_R1_001.fastq
SRR3622856,SampleAC72_ACGATTGGCTAC_L005_R1_001.fastq
SRR3622855,SampleAC72_ACGATTGGCTAC_L004_R1_001.fastq
SRR3622857,SampleAC73_CACTCAATCACG_L003_R1_001.fastq
SRR3622858,SampleAC73_CACTCAATCACG_L004_R1_001.fastq
SRR3622859,SampleAC222_ATTCCTACTTGA_L005_R1_001.fastq
SRR3622860,SampleAC73_CACTCAATCACG_L005_R1_001.fastq
SRR3622861,SampleAC91_CACTCAACTTGA_L003_R1_001.fastq
SRR3622862,SampleAC91_CACTCAACTTGA_L004_R1_001.fastq
SRR3622863,SampleAC91_CACTCAACTTGA_L005_R1_001.fastq
SRR3622864,SampleAC92_TGTTAGATCACG_L003_R1_001.fastq
SRR3622865,SampleAC92_TGTTAGATCACG_L004_R1_001.fastq
SRR3622866,SampleAC92_TGTTAGATCACG_L005_R1_001.fastq
SRR3622867,SampleAC93_TGTTAGACTTGA_L003_R1_001.fastq
SRR3622868,SampleAC93_TGTTAGACTTGA_L004_R1_001.fastq
SRR3622869,SampleAC93_TGTTAGACTTGA_L005_R1_001.fastq
SRR3622870,SampleAC223_ATTCCTTAGCTT_L003_R1_001.fastq
SRR3622872,SampleAD221_CACTCATAGCTT_L004_R1_001.fastq
SRR3622873,SampleAD221_CACTCATAGCTT_L005_R1_001.fastq
SRR3622871,SampleAD221_CACTCATAGCTT_L003_R1_001.fastq
SRR3622874,SampleAD222_CACTCAGGCTAC_L003_R1_001.fastq
SRR3622875,SampleAD222_CACTCAGGCTAC_L004_R1_001.fastq
SRR3622876,SampleAD222_CACTCAGGCTAC_L005_R1_001.fastq
SRR3622877,SampleAD223_ACGCCGATCACG_L003_R1_001.fastq
SRR3622878,SampleAD223_ACGCCGATCACG_L004_R1_001.fastq
SRR3622879,SampleAD223_ACGCCGATCACG_L005_R1_001.fastq
SRR3622880,SampleAD261_ACGCCGACTTGA_L003_R1_001.fastq
SRR3622881,SampleAC223_ATTCCTTAGCTT_L004_R1_001.fastq
SRR3622882,SampleAD261_ACGCCGACTTGA_L004_R1_001.fastq
SRR3622883,SampleAD261_ACGCCGACTTGA_L005_R1_001.fastq
SRR3622884,SampleAD262_ACGCCGTAGCTT_L003_R1_001.fastq
SRR3622885,SampleAD262_ACGCCGTAGCTT_L004_R1_001.fastq
SRR3622886,SampleAD262_ACGCCGTAGCTT_L005_R1_001.fastq
SRR3622887,SampleAD271_ACGCCGGGCTAC_L003_R1_001.fastq
SRR3622888,SampleAD271_ACGCCGGGCTAC_L004_R1_001.fastq
SRR3622889,SampleAD271_ACGCCGGGCTAC_L005_R1_001.fastq
SRR3622890,SampleAD301_CATGGCATCACG_L003_R1_001.fastq
SRR3622891,SampleAD301_CATGGCATCACG_L004_R1_001.fastq
SRR3622892,SampleAC223_ATTCCTTAGCTT_L005_R1_001.fastq
SRR3622893,SampleAD301_CATGGCATCACG_L005_R1_001.fastq
SRR3622894,SampleAD302_CATGGCACTTGA_L003_R1_001.fastq
SRR3622895,SampleAD302_CATGGCACTTGA_L004_R1_001.fastq
SRR3622896,SampleAD302_CATGGCACTTGA_L005_R1_001.fastq
SRR3622897,SampleAD303_CATGGCTAGCTT_L003_R1_001.fastq
SRR3622898,SampleAD303_CATGGCTAGCTT_L004_R1_001.fastq
SRR3622899,SampleAD303_CATGGCTAGCTT_L005_R1_001.fastq
SRR3622900,SampleAD51_CATGGCGGCTAC_L003_R1_001.fastq
SRR3622901,SampleAD51_CATGGCGGCTAC_L004_R1_001.fastq
SRR3622902,SampleAD51_CATGGCGGCTAC_L005_R1_001.fastq
SRR3622903,SampleAC261_ATTCCTGGCTAC_L003_R1_001.fastq
SRR3622904,SampleAD71_AGAATCATCACG_L003_R1_001.fastq
SRR3622905,SampleAD71_AGAATCATCACG_L004_R1_001.fastq
SRR3622906,SampleAD71_AGAATCATCACG_L005_R1_001.fastq
SRR3622907,SampleAD72_AGAATCACTTGA_L003_R1_001.fastq
SRR3622908,SampleAD72_AGAATCACTTGA_L004_R1_001.fastq
SRR3622909,SampleAD72_AGAATCACTTGA_L005_R1_001.fastq
SRR3622910,SampleAD73_TGTTAGTAGCTT_L003_R1_001.fastq
SRR3622911,SampleAD73_TGTTAGTAGCTT_L004_R1_001.fastq
SRR3622912,SampleAD73_TGTTAGTAGCTT_L005_R1_001.fastq
SRR3622913,SampleAD91_AGAATCTAGCTT_L003_R1_001.fastq