sample	nlaneDups	keptName
SampleAC221_ATTCCTATCACG	3	SRR3622488
SampleAC261_ATTCCTGGCTAC	3	SRR3622490
SampleAD91_AGAATCTAGCTT	3	SRR3622491
SampleAD92_AGAATCGGCTAC	3	SRR3622493
SampleAD93_TGTTAGGGCTAC	3	SRR3622496
SampleAO221_CGGAATATCACG	3	SRR3622499
SampleAO222_CGGAATACTTGA	3	SRR3622503
SampleAO223_CGGAATTAGCTT	3	SRR3622506
SampleAO262_CGGAATGGCTAC	3	SRR3622509
SampleAC262_AAGGGAATCACG	3	SRR3622512
SampleAO263_ATTGGGATCACG	3	SRR3622513
SampleAO273_ATTGGGACTTGA	3	SRR3622516
SampleAO301_ATTGGGTAGCTT	3	SRR3622519
SampleAO302_ATTGGGGGCTAC	3	SRR3622522
SampleAO303_TAATCGATCACG	3	SRR3622526
SampleAO41_TAATCGACTTGA	3	SRR3622529
SampleAO42_TAATCGTAGCTT	3	SRR3622532
SampleAO43_TAATCGGGCTAC	3	SRR3622536
SampleAO52_CCGCGTATCACG	3	SRR3622539
SampleAO53_CCGCGTACTTGA	3	SRR3622542
SampleAO71_CCGCGTTAGCTT	3	SRR3622546
SampleAC272_AAGGGAACTTGA	3	SRR3622545
SampleAO72_CCGCGTGGCTAC	3	SRR3622549
SampleAO73_TACAGCATCACG	3	SRR3622553
SampleAO91_TACAGCACTTGA	3	SRR3622555
SampleAO93_TTCTATATCACG	3	SRR3622559
SampleL4_1	3	SRR3622562
SampleL4_2	3	SRR3622565
SampleL5_1	3	SRR3622569
SampleL5_2	3	SRR3622572
SampleL7_1	3	SRR3622575
SampleAC273_AAGGGATAGCTT	3	SRR3622578
SampleL7_2	3	SRR3622579
SampleL9_1	3	SRR3622582
SampleL9_2	3	SRR3622585
SampleNC221_TACAGCTAGCTT	3	SRR3622588
SampleNC222_TACAGCGGCTAC	3	SRR3622592
SampleNC223_CGCCCTATCACG	3	SRR3622595
SampleNC261_CGCCCTACTTGA	3	SRR3622598
SampleNC262_CGCCCTTAGCTT	3	SRR3622603
SampleNC263_CGCCCTGGCTAC	3	SRR3622606
SampleNC271_TGTCGTATCACG	3	SRR3622609
SampleAC301_AAGGGAGGCTAC	3	SRR3622612
SampleNC272_TGTCGTACTTGA	3	SRR3622613
SampleNC273_TGTCGTTAGCTT	3	SRR3622616
SampleNC301_TGTCGTGGCTAC	3	SRR3622619
SampleNC302_CTGCAGATCACG	3	SRR3622622
SampleNC303_CTGCAGACTTGA	3	SRR3622626
SampleNC41_CTGCAGTAGCTT	3	SRR3622629
SampleNC42_CTGCAGGGCTAC	3	SRR3622632
SampleNC43_CCCTTGATCACG	3	SRR3622636
SampleNC51_CCCTTGACTTGA	3	SRR3622639
SampleNC52_CCCTTGTAGCTT	3	SRR3622642
SampleAC302_CACCGGATCACG	3	SRR3622645
SampleNC53_CCCTTGGGCTAC	3	SRR3622646
SampleNC71_GAAGTTATCACG	3	SRR3622649
SampleNC72_GAAGTTACTTGA	3	SRR3622652
SampleNC73_GAAGTTTAGCTT	3	SRR3622655
SampleNC91_GAAGTTGGCTAC	3	SRR3622659
SampleNC92_ACCGGCATCACG	3	SRR3622662
SampleNC93_ACCGGCACTTGA	3	SRR3622666
SampleND261_ACCGGCTAGCTT	3	SRR3622669
SampleND262_TTCTATACTTGA	3	SRR3622672
SampleND271_ACCGGCGGCTAC	3	SRR3622676
SampleAC303_CACCGGACTTGA	3	SRR3622678
SampleND273_GCACCCATCACG	3	SRR3622680
SampleND301_GCACCCACTTGA	3	SRR3622682
SampleND302_GCACCCTAGCTT	3	SRR3622685
SampleND303_GCACCCGGCTAC	3	SRR3622688
SampleND41_TTACTGATCACG	3	SRR3622692
SampleND42_TTCTATTAGCTT	3	SRR3622695
SampleND51_TTACTGACTTGA	3	SRR3622698
SampleND52_TTACTGTAGCTT	3	SRR3622702
SampleND53_TTACTGGGCTAC	3	SRR3622705
SampleND71_GCAGGAATCACG	3	SRR3622708
SampleAC222_ATTCCTACTTGA	3	SRR3622711
SampleAC41_CACCGGTAGCTT	3	SRR3622712
SampleND73_GCAGGAACTTGA	3	SRR3622713
SampleND91_GCAGGATAGCTT	3	SRR3622717
SampleND93_GCAGGAGGCTAC	3	SRR3622719
SampleNO221_AAAAGTATCACG	3	SRR3622722
SampleNO222_AAAAGTACTTGA	3	SRR3622726
SampleNO261_AAAAGTTAGCTT	3	SRR3622729
SampleNO262_AAAAGTGGCTAC	3	SRR3622732
SampleNO263_GCCGCGATCACG	3	SRR3622736
SampleNO271_GCCGCGACTTGA	3	SRR3622739
SampleNO273_GCCGCGTAGCTT	3	SRR3622742
SampleAC42_CACCGGGGCTAC	3	SRR3622745
SampleNO301_GCCGCGGGCTAC	3	SRR3622746
SampleNO302_GGCGGTATCACG	3	SRR3622749
SampleNO303_GGCGGTACTTGA	3	SRR3622752
SampleNO41_GGCGGTTAGCTT	3	SRR3622755
SampleNO42_GGCGGTGGCTAC	3	SRR3622771
SampleNO43_GTATTAATCACG	3	SRR3622774
SampleNO52_GTATTAACTTGA	3	SRR3622777
SampleNO53_GTATTATAGCTT	3	SRR3622781
SampleNO71_GTATTAGGCTAC	3	SRR3622784
SampleNO72_TTCTATGGCTAC	3	SRR3622787
SampleAC51_ACGATTATCACG	3	SRR3622790
SampleNO73_TACGTGATCACG	3	SRR3622791
SampleNO91_TACGTGACTTGA	3	SRR3622794
SampleNO92_TACGTGTAGCTT	3	SRR3622797
SampleNO93_TACGTGGGCTAC	3	SRR3622800
SampleW22_1	3	SRR3622804
SampleW22_2	3	SRR3622807
SampleW26_1	3	SRR3622829
SampleW26_2	3	SRR3622832
SampleW27_1	3	SRR3622835
SampleW27_2	3	SRR3622839
SampleAC53_ACGATTACTTGA	3	SRR3622841
SampleW30_1	3	SRR3622842
SampleW30_2	3	SRR3622845
SampleAC71_ACGATTTAGCTT	3	SRR3622851
SampleAC72_ACGATTGGCTAC	3	SRR3622854
SampleAC73_CACTCAATCACG	3	SRR3622857
SampleAC91_CACTCAACTTGA	3	SRR3622861
SampleAC92_TGTTAGATCACG	3	SRR3622864
SampleAC93_TGTTAGACTTGA	3	SRR3622867
SampleAC223_ATTCCTTAGCTT	3	SRR3622870
SampleAD221_CACTCATAGCTT	3	SRR3622872
SampleAD222_CACTCAGGCTAC	3	SRR3622874
SampleAD223_ACGCCGATCACG	3	SRR3622877
SampleAD261_ACGCCGACTTGA	3	SRR3622880
SampleAD262_ACGCCGTAGCTT	3	SRR3622884
SampleAD271_ACGCCGGGCTAC	3	SRR3622887
SampleAD301_CATGGCATCACG	3	SRR3622890
SampleAD302_CATGGCACTTGA	3	SRR3622894
SampleAD303_CATGGCTAGCTT	3	SRR3622897
SampleAD51_CATGGCGGCTAC	3	SRR3622900
SampleAD71_AGAATCATCACG	3	SRR3622904
SampleAD72_AGAATCACTTGA	3	SRR3622907
SampleAD73_TGTTAGTAGCTT	3	SRR3622910
