Amillepora15626	Replication, recombination and repair
Amillepora15624	Replication, recombination and repair
Amillepora15625	Replication, recombination and repair
Amillepora15611	Replication, recombination and repair
Amillepora15652	Transcription
Amillepora15677	Carbohydrate transport and metabolism
Amillepora15680	Posttranslational modification, protein turnover, chaperones
Amillepora15679	Posttranslational modification, protein turnover, chaperones
Amillepora14932	Replication, recombination and repair
Amillepora14926	Amino acid transport and metabolism
Amillepora15703	Defense mechanisms
Amillepora15719	Replication, recombination and repair
Amillepora15720	Replication, recombination and repair
Amillepora15722	Carbohydrate transport and metabolism
Amillepora15721	Carbohydrate transport and metabolism
Amillepora15729	Replication, recombination and repair
Amillepora15757	Carbohydrate transport and metabolism
Amillepora15758	Carbohydrate transport and metabolism
Amillepora15764	Energy production and conversion
Amillepora15762	Amino acid transport and metabolism
Amillepora15763	Intracellular trafficking, secretion, and vesicular transport
Amillepora15761	Amino acid transport and metabolism
Amillepora15767	Signal transduction mechanisms
Amillepora15775	Secondary metabolites biosynthesis, transport and catabolism
Amillepora15776	Posttranslational modification, protein turnover, chaperones
Amillepora15774	Secondary metabolites biosynthesis, transport and catabolism
Amillepora14949	Carbohydrate transport and metabolism
Amillepora14950	Replication, recombination and repair
Amillepora14945	Translation, ribosomal structure and biogenesis
Amillepora15781	Posttranslational modification, protein turnover, chaperones
Amillepora15783	Posttranslational modification, protein turnover, chaperones
Amillepora15792	Replication, recombination and repair
Amillepora15786	Posttranslational modification, protein turnover, chaperones
Amillepora15791	Energy production and conversion
Amillepora15790	Posttranslational modification, protein turnover, chaperones
Amillepora15788	Posttranslational modification, protein turnover, chaperones
Amillepora15799	Cytoskeleton
Amillepora15796	Intracellular trafficking, secretion, and vesicular transport
Amillepora15798	Translation, ribosomal structure and biogenesis
Amillepora15801	Amino acid transport and metabolism
Amillepora15808	Carbohydrate transport and metabolism
Amillepora15810	Carbohydrate transport and metabolism
Amillepora15803	RNA processing and modification
Amillepora15806	Posttranslational modification, protein turnover, chaperones
Amillepora15812	Posttranslational modification, protein turnover, chaperones
Amillepora15829	Cell cycle control, cell division, chromosome partitioning
Amillepora15831	Signal transduction mechanisms
Amillepora15827	Carbohydrate transport and metabolism
Amillepora15828	Transcription
Amillepora15841	Signal transduction mechanisms
Amillepora15856	Amino acid transport and metabolism
Amillepora15858	Posttranslational modification, protein turnover, chaperones
Amillepora15860	Amino acid transport and metabolism
Amillepora14961	Replication, recombination and repair
Amillepora14953	Translation, ribosomal structure and biogenesis
Amillepora15868	Translation, ribosomal structure and biogenesis
Amillepora15999	Replication, recombination and repair
Amillepora16007	Replication, recombination and repair
Amillepora16008	Replication, recombination and repair
Amillepora16002	Replication, recombination and repair
Amillepora16015	Signal transduction mechanisms
Amillepora16017	Transcription
Amillepora16020	Replication, recombination and repair
Amillepora16025	Nucleotide transport and metabolism
Amillepora16023	Amino acid transport and metabolism
Amillepora16027	Amino acid transport and metabolism
Amillepora16024	Amino acid transport and metabolism
Amillepora16031	Amino acid transport and metabolism
Amillepora16030	Amino acid transport and metabolism
Amillepora16029	Amino acid transport and metabolism
Amillepora16041	Transcription
Amillepora16040	Posttranslational modification, protein turnover, chaperones
Amillepora14959	Amino acid transport and metabolism
Amillepora14965	Posttranslational modification, protein turnover, chaperones
Amillepora14967	RNA processing and modification
Amillepora16039	Cytoskeleton
Amillepora16045	Intracellular trafficking, secretion, and vesicular transport
Amillepora16047	Intracellular trafficking, secretion, and vesicular transport
Amillepora16049	Lipid transport and metabolism
Amillepora16048	Replication, recombination and repair
Amillepora16056	Replication, recombination and repair
Amillepora16054	Replication, recombination and repair
Amillepora16066	Posttranslational modification, protein turnover, chaperones
Amillepora16062	Lipid transport and metabolism
Amillepora16068	Lipid transport and metabolism
Amillepora16067	Lipid transport and metabolism
Amillepora16078	Intracellular trafficking, secretion, and vesicular transport
Amillepora16071	Posttranslational modification, protein turnover, chaperones
Amillepora16074	Posttranslational modification, protein turnover, chaperones
Amillepora16077	Posttranslational modification, protein turnover, chaperones
Amillepora16083	Transcription
Amillepora16089	Cytoskeleton
Amillepora16086	Replication, recombination and repair
Amillepora16096	Energy production and conversion
Amillepora16087	Signal transduction mechanisms
Amillepora16107	RNA processing and modification
Amillepora16099	Signal transduction mechanisms
Amillepora16104	Cell wall/membrane/envelope biogenesis
Amillepora16105	Cell wall/membrane/envelope biogenesis
Amillepora16112	Transcription
Amillepora16115	Signal transduction mechanisms
Amillepora14971	Replication, recombination and repair
Amillepora14974	RNA processing and modification
Amillepora14975	Intracellular trafficking, secretion, and vesicular transport
Amillepora16116	Transcription
Amillepora16122	Signal transduction mechanisms
Amillepora16133	Intracellular trafficking, secretion, and vesicular transport
Amillepora16135	Inorganic ion transport and metabolism
Amillepora16136	Energy production and conversion
Amillepora16145	Amino acid transport and metabolism
Amillepora16153	Amino acid transport and metabolism
Amillepora16163	Signal transduction mechanisms
Amillepora16158	Amino acid transport and metabolism
Amillepora16165	Defense mechanisms
Amillepora16164	Defense mechanisms
Amillepora16174	Inorganic ion transport and metabolism
Amillepora16171	Cytoskeleton
Amillepora16176	Signal transduction mechanisms
Amillepora16177	Signal transduction mechanisms
Amillepora16183	Signal transduction mechanisms
Amillepora16179	Signal transduction mechanisms
Amillepora16189	Energy production and conversion
Amillepora16194	Chromatin structure and dynamics
Amillepora16185	Transcription
Amillepora16191	Transcription
Amillepora14980	Coenzyme transport and metabolism
Amillepora14985	Posttranslational modification, protein turnover, chaperones
Amillepora16198	Transcription
Amillepora16201	Transcription
Amillepora16215	Posttranslational modification, protein turnover, chaperones
Amillepora16214	Secondary metabolites biosynthesis, transport and catabolism
Amillepora16211	Signal transduction mechanisms
Amillepora16213	Extracellular structures
Amillepora16217	RNA processing and modification
Amillepora16220	Extracellular structures
Amillepora16222	Signal transduction mechanisms
Amillepora16223	Intracellular trafficking, secretion, and vesicular transport
Amillepora16229	Signal transduction mechanisms
Amillepora16225	Signal transduction mechanisms
Amillepora16227	Signal transduction mechanisms
Amillepora16238	Translation, ribosomal structure and biogenesis
Amillepora16235	Cytoskeleton
Amillepora16237	Nucleotide transport and metabolism
Amillepora16239	Signal transduction mechanisms
Amillepora16242	RNA processing and modification
Amillepora16246	Translation, ribosomal structure and biogenesis
Amillepora16248	Intracellular trafficking, secretion, and vesicular transport
Amillepora16251	Intracellular trafficking, secretion, and vesicular transport
Amillepora16257	Transcription
Amillepora16256	Replication, recombination and repair
Amillepora16263	Nucleotide transport and metabolism
Amillepora16261	Intracellular trafficking, secretion, and vesicular transport
Amillepora16268	Signal transduction mechanisms
Amillepora16273	Replication, recombination and repair
Amillepora16272	Signal transduction mechanisms
Amillepora14983	Intracellular trafficking, secretion, and vesicular transport
Amillepora14978	Coenzyme transport and metabolism
Amillepora14977	Coenzyme transport and metabolism
Amillepora14993	Posttranslational modification, protein turnover, chaperones
Amillepora14995	Posttranslational modification, protein turnover, chaperones
Amillepora16282	Replication, recombination and repair
Amillepora16289	Signal transduction mechanisms
Amillepora16298	Transcription
Amillepora16299	Signal transduction mechanisms
Amillepora16290	Signal transduction mechanisms
Amillepora16301	Signal transduction mechanisms
Amillepora16292	Posttranslational modification, protein turnover, chaperones
Amillepora16291	Signal transduction mechanisms
Amillepora16302	Signal transduction mechanisms
Amillepora16303	Signal transduction mechanisms
Amillepora16321	Transcription
Amillepora16319	Energy production and conversion
Amillepora16320	Transcription
Amillepora16318	Posttranslational modification, protein turnover, chaperones
Amillepora16316	Inorganic ion transport and metabolism
Amillepora16310	Inorganic ion transport and metabolism
Amillepora16322	Signal transduction mechanisms
Amillepora16323	Signal transduction mechanisms
Amillepora16324	Signal transduction mechanisms
Amillepora16325	Lipid transport and metabolism
Amillepora16331	Lipid transport and metabolism
Amillepora16330	Transcription
Amillepora16326	Intracellular trafficking, secretion, and vesicular transport
Amillepora16329	Signal transduction mechanisms
Amillepora16334	Transcription
Amillepora16328	Signal transduction mechanisms
Amillepora16333	Coenzyme transport and metabolism
Amillepora16332	Posttranslational modification, protein turnover, chaperones
Amillepora16344	Inorganic ion transport and metabolism
Amillepora16336	Carbohydrate transport and metabolism
Amillepora16339	Carbohydrate transport and metabolism
Amillepora16348	Signal transduction mechanisms
Amillepora16349	Transcription
Amillepora16350	Transcription
Amillepora14987	Posttranslational modification, protein turnover, chaperones
Amillepora14991	Posttranslational modification, protein turnover, chaperones
Amillepora14988	Posttranslational modification, protein turnover, chaperones
Amillepora14989	Posttranslational modification, protein turnover, chaperones
Amillepora15002	Signal transduction mechanisms
Amillepora15006	Signal transduction mechanisms
Amillepora16357	Transcription
Amillepora16355	Signal transduction mechanisms
Amillepora16358	RNA processing and modification
Amillepora16360	Signal transduction mechanisms
Amillepora16363	Signal transduction mechanisms
Amillepora16362	Signal transduction mechanisms
Amillepora16367	Replication, recombination and repair
Amillepora16374	Posttranslational modification, protein turnover, chaperones
Amillepora16372	Translation, ribosomal structure and biogenesis
Amillepora16380	Cell cycle control, cell division, chromosome partitioning
Amillepora16377	Cell wall/membrane/envelope biogenesis
Amillepora16376	Intracellular trafficking, secretion, and vesicular transport
Amillepora16379	Posttranslational modification, protein turnover, chaperones
Amillepora16383	Signal transduction mechanisms
Amillepora16382	Signal transduction mechanisms
Amillepora16388	Posttranslational modification, protein turnover, chaperones
Amillepora16385	Posttranslational modification, protein turnover, chaperones
Amillepora16391	Transcription
Amillepora16397	RNA processing and modification
Amillepora16396	Transcription
Amillepora16399	Cytoskeleton
Amillepora16403	Coenzyme transport and metabolism
Amillepora16401	Intracellular trafficking, secretion, and vesicular transport
Amillepora16402	Secondary metabolites biosynthesis, transport and catabolism
Amillepora16405	Signal transduction mechanisms
Amillepora16414	Translation, ribosomal structure and biogenesis
Amillepora16416	Translation, ribosomal structure and biogenesis
Amillepora16412	Signal transduction mechanisms
Amillepora16410	Coenzyme transport and metabolism
Amillepora16435	Inorganic ion transport and metabolism
Amillepora15003	Signal transduction mechanisms
Amillepora15000	Signal transduction mechanisms
Amillepora15013	RNA processing and modification
Amillepora16444	Posttranslational modification, protein turnover, chaperones
Amillepora16436	Translation, ribosomal structure and biogenesis
Amillepora16442	Intracellular trafficking, secretion, and vesicular transport
Amillepora16438	Carbohydrate transport and metabolism
Amillepora16439	Carbohydrate transport and metabolism
Amillepora16440	Posttranslational modification, protein turnover, chaperones
Amillepora16443	Translation, ribosomal structure and biogenesis
Amillepora16450	RNA processing and modification
Amillepora16459	Posttranslational modification, protein turnover, chaperones
Amillepora16456	Cell cycle control, cell division, chromosome partitioning
Amillepora16463	Signal transduction mechanisms
Amillepora16460	Carbohydrate transport and metabolism
Amillepora16461	Carbohydrate transport and metabolism
Amillepora16465	Inorganic ion transport and metabolism
Amillepora16468	Inorganic ion transport and metabolism
Amillepora16473	Signal transduction mechanisms
Amillepora16475	Posttranslational modification, protein turnover, chaperones
Amillepora16476	Signal transduction mechanisms
Amillepora16472	RNA processing and modification
Amillepora16487	Translation, ribosomal structure and biogenesis
Amillepora16482	Replication, recombination and repair
Amillepora16484	Posttranslational modification, protein turnover, chaperones
Amillepora16495	Energy production and conversion
Amillepora16493	Posttranslational modification, protein turnover, chaperones
Amillepora16502	Cell wall/membrane/envelope biogenesis
Amillepora16499	Replication, recombination and repair
Amillepora16503	Replication, recombination and repair
Amillepora16513	Posttranslational modification, protein turnover, chaperones
Amillepora16516	Posttranslational modification, protein turnover, chaperones
Amillepora16509	Inorganic ion transport and metabolism
Amillepora16514	Posttranslational modification, protein turnover, chaperones
Amillepora16504	Signal transduction mechanisms
Amillepora15009	Intracellular trafficking, secretion, and vesicular transport
Amillepora15011	Lipid transport and metabolism
Amillepora15007	RNA processing and modification
Amillepora15012	Lipid transport and metabolism
Amillepora14850	Energy production and conversion
Amillepora16512	Posttranslational modification, protein turnover, chaperones
Amillepora16507	Inorganic ion transport and metabolism
Amillepora16506	Translation, ribosomal structure and biogenesis
Amillepora16518	Posttranslational modification, protein turnover, chaperones
Amillepora16526	Posttranslational modification, protein turnover, chaperones
Amillepora16521	Intracellular trafficking, secretion, and vesicular transport
Amillepora16529	Lipid transport and metabolism
Amillepora16537	RNA processing and modification
Amillepora16532	Lipid transport and metabolism
Amillepora16534	Translation, ribosomal structure and biogenesis
Amillepora16539	Transcription
Amillepora16541	Posttranslational modification, protein turnover, chaperones
Amillepora16551	Lipid transport and metabolism
Amillepora16556	Replication, recombination and repair
Amillepora16553	Posttranslational modification, protein turnover, chaperones
Amillepora16554	Posttranslational modification, protein turnover, chaperones
Amillepora16555	Signal transduction mechanisms
Amillepora16573	Transcription
Amillepora16568	Posttranslational modification, protein turnover, chaperones
Amillepora16566	Signal transduction mechanisms
Amillepora16567	Signal transduction mechanisms
Amillepora16562	RNA processing and modification
Amillepora16577	Posttranslational modification, protein turnover, chaperones
Amillepora16578	Cell wall/membrane/envelope biogenesis
Amillepora16584	Cytoskeleton
Amillepora15017	Cell wall/membrane/envelope biogenesis
Amillepora15021	RNA processing and modification
Amillepora15014	Cell wall/membrane/envelope biogenesis
Amillepora16580	Transcription
Amillepora16579	RNA processing and modification
Amillepora16575	Lipid transport and metabolism
Amillepora16574	Replication, recombination and repair
Amillepora16592	Transcription
Amillepora16591	Secondary metabolites biosynthesis, transport and catabolism
Amillepora16594	Signal transduction mechanisms
Amillepora16590	Carbohydrate transport and metabolism
Amillepora16602	Posttranslational modification, protein turnover, chaperones
Amillepora16597	Signal transduction mechanisms
Amillepora16601	Posttranslational modification, protein turnover, chaperones
Amillepora16603	Posttranslational modification, protein turnover, chaperones
Amillepora16595	Signal transduction mechanisms
Amillepora16604	Posttranslational modification, protein turnover, chaperones
Amillepora16612	Signal transduction mechanisms
Amillepora16607	Posttranslational modification, protein turnover, chaperones
Amillepora16611	Signal transduction mechanisms
Amillepora16605	Posttranslational modification, protein turnover, chaperones
Amillepora16618	Carbohydrate transport and metabolism
Amillepora16616	Transcription
Amillepora16617	Secondary metabolites biosynthesis, transport and catabolism
Amillepora16624	Cytoskeleton
Amillepora16629	RNA processing and modification
Amillepora16628	Transcription
Amillepora16630	Cell wall/membrane/envelope biogenesis
Amillepora16631	Posttranslational modification, protein turnover, chaperones
Amillepora16632	Lipid transport and metabolism
Amillepora16633	Replication, recombination and repair
Amillepora16634	Transcription
Amillepora16638	Replication, recombination and repair
Amillepora16636	Replication, recombination and repair
Amillepora15028	Posttranslational modification, protein turnover, chaperones
Amillepora15025	Signal transduction mechanisms
Amillepora16651	Lipid transport and metabolism
Amillepora16652	Transcription
Amillepora16666	Signal transduction mechanisms
Amillepora16661	RNA processing and modification
Amillepora16664	Signal transduction mechanisms
Amillepora16663	RNA processing and modification
Amillepora16660	Posttranslational modification, protein turnover, chaperones
Amillepora16669	Transcription
Amillepora16667	Signal transduction mechanisms
Amillepora16668	Extracellular structures
Amillepora16676	Translation, ribosomal structure and biogenesis
Amillepora16679	RNA processing and modification
Amillepora16677	Signal transduction mechanisms
Amillepora16692	Signal transduction mechanisms
Amillepora16689	Signal transduction mechanisms
Amillepora16686	Carbohydrate transport and metabolism
Amillepora16694	Secondary metabolites biosynthesis, transport and catabolism
Amillepora16698	Defense mechanisms
Amillepora16700	Lipid transport and metabolism
Amillepora16702	Signal transduction mechanisms
Amillepora16703	Signal transduction mechanisms
Amillepora16708	Lipid transport and metabolism
Amillepora16712	Lipid transport and metabolism
Amillepora16715	Defense mechanisms
Amillepora16717	Cytoskeleton
Amillepora16718	Posttranslational modification, protein turnover, chaperones
Amillepora16714	Signal transduction mechanisms
Amillepora16716	Cytoskeleton
Amillepora16725	Signal transduction mechanisms
Amillepora16722	Posttranslational modification, protein turnover, chaperones
Amillepora15027	Carbohydrate transport and metabolism
Amillepora15033	Signal transduction mechanisms
Amillepora15031	Signal transduction mechanisms
Amillepora16721	Posttranslational modification, protein turnover, chaperones
Amillepora16724	Energy production and conversion
Amillepora16739	Signal transduction mechanisms
Amillepora16729	Energy production and conversion
Amillepora16731	Translation, ribosomal structure and biogenesis
Amillepora16736	Posttranslational modification, protein turnover, chaperones
Amillepora16738	Energy production and conversion
Amillepora16730	Posttranslational modification, protein turnover, chaperones
Amillepora16732	Intracellular trafficking, secretion, and vesicular transport
Amillepora16728	Signal transduction mechanisms
Amillepora16727	Signal transduction mechanisms
Amillepora16726	Signal transduction mechanisms
Amillepora16742	Energy production and conversion
Amillepora16744	Translation, ribosomal structure and biogenesis
Amillepora16749	Carbohydrate transport and metabolism
Amillepora16743	Posttranslational modification, protein turnover, chaperones
Amillepora16741	Signal transduction mechanisms
Amillepora16740	Signal transduction mechanisms
Amillepora16750	Posttranslational modification, protein turnover, chaperones
Amillepora16766	Posttranslational modification, protein turnover, chaperones
Amillepora16757	Translation, ribosomal structure and biogenesis
Amillepora16768	Intracellular trafficking, secretion, and vesicular transport
Amillepora16764	Secondary metabolites biosynthesis, transport and catabolism
Amillepora16760	Energy production and conversion
Amillepora16765	Secondary metabolites biosynthesis, transport and catabolism
Amillepora24856	Signal transduction mechanisms
Amillepora24858	Posttranslational modification, protein turnover, chaperones
Amillepora24855	Signal transduction mechanisms
Amillepora24870	Replication, recombination and repair
Amillepora24864	Posttranslational modification, protein turnover, chaperones
Amillepora24865	Posttranslational modification, protein turnover, chaperones
Amillepora24869	Posttranslational modification, protein turnover, chaperones
Amillepora24867	Posttranslational modification, protein turnover, chaperones
Amillepora24879	Signal transduction mechanisms
Amillepora24872	Transcription
Amillepora24881	Signal transduction mechanisms
Amillepora24875	Posttranslational modification, protein turnover, chaperones
Amillepora15052	Translation, ribosomal structure and biogenesis
Amillepora15054	Translation, ribosomal structure and biogenesis
Amillepora15055	Translation, ribosomal structure and biogenesis
Amillepora24878	Signal transduction mechanisms
Amillepora24885	Signal transduction mechanisms
Amillepora24882	Energy production and conversion
Amillepora24884	Posttranslational modification, protein turnover, chaperones
Amillepora24894	Lipid transport and metabolism
Amillepora24903	Cytoskeleton
Amillepora24905	Posttranslational modification, protein turnover, chaperones
Amillepora24897	Posttranslational modification, protein turnover, chaperones
Amillepora24902	Transcription
Amillepora24908	Cell cycle control, cell division, chromosome partitioning
Amillepora24920	Lipid transport and metabolism
Amillepora24924	Intracellular trafficking, secretion, and vesicular transport
Amillepora24907	Cytoskeleton
Amillepora24909	RNA processing and modification
Amillepora24921	Signal transduction mechanisms
Amillepora24912	Posttranslational modification, protein turnover, chaperones
Amillepora24925	Defense mechanisms
Amillepora24935	Posttranslational modification, protein turnover, chaperones
Amillepora24932	Defense mechanisms
Amillepora24940	Signal transduction mechanisms
Amillepora24929	Cytoskeleton
Amillepora24938	Lipid transport and metabolism
Amillepora24928	RNA processing and modification
Amillepora24937	Intracellular trafficking, secretion, and vesicular transport
Amillepora24931	Signal transduction mechanisms
Amillepora24930	Coenzyme transport and metabolism
Amillepora24943	Posttranslational modification, protein turnover, chaperones
Amillepora24946	Translation, ribosomal structure and biogenesis
Amillepora24942	Transcription
Amillepora24944	Translation, ribosomal structure and biogenesis
Amillepora24951	Signal transduction mechanisms
Amillepora24947	Lipid transport and metabolism
Amillepora24948	Signal transduction mechanisms
Amillepora15051	Posttranslational modification, protein turnover, chaperones
Amillepora15048	Posttranslational modification, protein turnover, chaperones
Amillepora15046	Posttranslational modification, protein turnover, chaperones
Amillepora15045	Signal transduction mechanisms
Amillepora24952	Lipid transport and metabolism
Amillepora24967	Amino acid transport and metabolism
Amillepora24970	Intracellular trafficking, secretion, and vesicular transport
Amillepora24973	Posttranslational modification, protein turnover, chaperones
Amillepora24959	Transcription
Amillepora24961	Intracellular trafficking, secretion, and vesicular transport
Amillepora24971	Intracellular trafficking, secretion, and vesicular transport
Amillepora24979	Transcription
Amillepora24978	Translation, ribosomal structure and biogenesis
Amillepora24974	Signal transduction mechanisms
Amillepora24975	Intracellular trafficking, secretion, and vesicular transport
Amillepora24976	Signal transduction mechanisms
Amillepora24993	Transcription
Amillepora24989	Transcription
Amillepora24996	Carbohydrate transport and metabolism
Amillepora24994	RNA processing and modification
Amillepora24982	Signal transduction mechanisms
Amillepora24997	Translation, ribosomal structure and biogenesis
Amillepora24988	Energy production and conversion
Amillepora24985	Energy production and conversion
Amillepora24983	RNA processing and modification
Amillepora25008	Amino acid transport and metabolism
Amillepora25014	Intracellular trafficking, secretion, and vesicular transport
Amillepora25007	Lipid transport and metabolism
Amillepora25000	Cytoskeleton
Amillepora25003	Posttranslational modification, protein turnover, chaperones
Amillepora25005	Amino acid transport and metabolism
Amillepora25004	Cell cycle control, cell division, chromosome partitioning
Amillepora25017	Signal transduction mechanisms
Amillepora25015	Intracellular trafficking, secretion, and vesicular transport
Amillepora25016	Energy production and conversion
Amillepora25019	Translation, ribosomal structure and biogenesis
Amillepora25018	Inorganic ion transport and metabolism
Amillepora15063	Signal transduction mechanisms
Amillepora25022	Transcription
Amillepora25024	Transcription
Amillepora25020	Posttranslational modification, protein turnover, chaperones
Amillepora25023	Transcription
Amillepora25041	Inorganic ion transport and metabolism
Amillepora25035	Lipid transport and metabolism
Amillepora25037	Intracellular trafficking, secretion, and vesicular transport
Amillepora25038	Translation, ribosomal structure and biogenesis
Amillepora25043	Inorganic ion transport and metabolism
Amillepora25042	Transcription
Amillepora25054	Signal transduction mechanisms
Amillepora25057	Signal transduction mechanisms
Amillepora25053	Transcription
Amillepora25067	Transcription
Amillepora25071	Signal transduction mechanisms
Amillepora25068	Cytoskeleton
Amillepora25069	Posttranslational modification, protein turnover, chaperones
Amillepora25070	Chromatin structure and dynamics
Amillepora25073	Lipid transport and metabolism
Amillepora25074	Transcription
Amillepora25077	Intracellular trafficking, secretion, and vesicular transport
Amillepora25084	Intracellular trafficking, secretion, and vesicular transport
Amillepora25085	Intracellular trafficking, secretion, and vesicular transport
Amillepora25083	Posttranslational modification, protein turnover, chaperones
Amillepora25086	Intracellular trafficking, secretion, and vesicular transport
Amillepora25088	Intracellular trafficking, secretion, and vesicular transport
Amillepora25095	Replication, recombination and repair
Amillepora25094	Transcription
Amillepora15059	Signal transduction mechanisms
Amillepora15060	Signal transduction mechanisms
Amillepora15057	Transcription
Amillepora25089	Signal transduction mechanisms
Amillepora25107	Posttranslational modification, protein turnover, chaperones
Amillepora25105	RNA processing and modification
Amillepora25103	Secondary metabolites biosynthesis, transport and catabolism
Amillepora25106	Inorganic ion transport and metabolism
Amillepora25109	Transcription
Amillepora25117	Translation, ribosomal structure and biogenesis
Amillepora25115	Translation, ribosomal structure and biogenesis
Amillepora25111	Cell wall/membrane/envelope biogenesis
Amillepora25112	Translation, ribosomal structure and biogenesis
Amillepora25114	Translation, ribosomal structure and biogenesis
Amillepora25122	Defense mechanisms
Amillepora25126	Intracellular trafficking, secretion, and vesicular transport
Amillepora25133	Translation, ribosomal structure and biogenesis
Amillepora25130	Nucleotide transport and metabolism
Amillepora25129	Transcription
Amillepora25131	Amino acid transport and metabolism
Amillepora25141	Energy production and conversion
Amillepora25138	Amino acid transport and metabolism
Amillepora25147	Cytoskeleton
Amillepora25148	Cell wall/membrane/envelope biogenesis
Amillepora25149	Nucleotide transport and metabolism
Amillepora25142	Signal transduction mechanisms
Amillepora25143	Amino acid transport and metabolism
Amillepora25145	Cell wall/membrane/envelope biogenesis
Amillepora25159	Translation, ribosomal structure and biogenesis
Amillepora25154	Translation, ribosomal structure and biogenesis
Amillepora25158	Defense mechanisms
Amillepora25155	Secondary metabolites biosynthesis, transport and catabolism
Amillepora25151	Intracellular trafficking, secretion, and vesicular transport
Amillepora25150	Translation, ribosomal structure and biogenesis
Amillepora25164	Cytoskeleton
Amillepora25165	Transcription
Amillepora25161	Signal transduction mechanisms
Amillepora25160	Posttranslational modification, protein turnover, chaperones
Amillepora15071	Intracellular trafficking, secretion, and vesicular transport
Amillepora15066	Signal transduction mechanisms
Amillepora15075	Signal transduction mechanisms
Amillepora25168	Signal transduction mechanisms
Amillepora25171	Lipid transport and metabolism
Amillepora25173	Lipid transport and metabolism
Amillepora25166	Signal transduction mechanisms
Amillepora25170	Intracellular trafficking, secretion, and vesicular transport
Amillepora25175	Signal transduction mechanisms
Amillepora25177	Signal transduction mechanisms
Amillepora25174	Intracellular trafficking, secretion, and vesicular transport
Amillepora25180	Cytoskeleton
Amillepora25179	Transcription
Amillepora25185	Defense mechanisms
Amillepora25184	Translation, ribosomal structure and biogenesis
Amillepora25181	Signal transduction mechanisms
Amillepora25183	Posttranslational modification, protein turnover, chaperones
Amillepora25203	Amino acid transport and metabolism
Amillepora25199	Cell wall/membrane/envelope biogenesis
Amillepora25191	Intracellular trafficking, secretion, and vesicular transport
Amillepora25187	Secondary metabolites biosynthesis, transport and catabolism
Amillepora25195	Translation, ribosomal structure and biogenesis
Amillepora25194	Translation, ribosomal structure and biogenesis
Amillepora25198	Cytoskeleton
Amillepora25190	Translation, ribosomal structure and biogenesis
Amillepora25197	Cell wall/membrane/envelope biogenesis
Amillepora25196	Nucleotide transport and metabolism
Amillepora25204	Signal transduction mechanisms
Amillepora25206	Carbohydrate transport and metabolism
Amillepora25209	Carbohydrate transport and metabolism
Amillepora25208	Cell wall/membrane/envelope biogenesis
Amillepora25205	Energy production and conversion
Amillepora25211	Translation, ribosomal structure and biogenesis
Amillepora25210	Nucleotide transport and metabolism
Amillepora25222	Signal transduction mechanisms
Amillepora25219	Defense mechanisms
Amillepora25229	Cell wall/membrane/envelope biogenesis
Amillepora25228	Cell wall/membrane/envelope biogenesis
Amillepora25225	Signal transduction mechanisms
Amillepora25235	Lipid transport and metabolism
Amillepora25232	Carbohydrate transport and metabolism
Amillepora25230	Cell wall/membrane/envelope biogenesis
Amillepora25240	Signal transduction mechanisms
Amillepora25238	Posttranslational modification, protein turnover, chaperones
Amillepora15086	Signal transduction mechanisms
Amillepora15084	Posttranslational modification, protein turnover, chaperones
Amillepora25239	Transcription
Amillepora25252	Intracellular trafficking, secretion, and vesicular transport
Amillepora25251	RNA processing and modification
Amillepora25250	Posttranslational modification, protein turnover, chaperones
Amillepora25241	Signal transduction mechanisms
Amillepora25243	Signal transduction mechanisms
Amillepora25260	Cell cycle control, cell division, chromosome partitioning
Amillepora25258	Cell cycle control, cell division, chromosome partitioning
Amillepora25254	Transcription
Amillepora25269	Energy production and conversion
Amillepora25270	Energy production and conversion
Amillepora25277	Posttranslational modification, protein turnover, chaperones
Amillepora25280	Carbohydrate transport and metabolism
Amillepora25274	Signal transduction mechanisms
Amillepora25281	Amino acid transport and metabolism
Amillepora25276	Translation, ribosomal structure and biogenesis
Amillepora25278	Chromatin structure and dynamics
Amillepora25273	Carbohydrate transport and metabolism
Amillepora25290	Coenzyme transport and metabolism
Amillepora25282	RNA processing and modification
Amillepora25283	RNA processing and modification
Amillepora25289	Energy production and conversion
Amillepora25284	RNA processing and modification
Amillepora25294	Signal transduction mechanisms
Amillepora25301	Energy production and conversion
Amillepora25293	Translation, ribosomal structure and biogenesis
Amillepora25296	Signal transduction mechanisms
Amillepora25297	Signal transduction mechanisms
Amillepora25304	Coenzyme transport and metabolism
Amillepora25314	Lipid transport and metabolism
Amillepora15080	Amino acid transport and metabolism
Amillepora15089	Carbohydrate transport and metabolism
Amillepora15085	Posttranslational modification, protein turnover, chaperones
Amillepora15090	Lipid transport and metabolism
Amillepora14864	Intracellular trafficking, secretion, and vesicular transport
Amillepora14868	Posttranslational modification, protein turnover, chaperones
Amillepora14870	Posttranslational modification, protein turnover, chaperones
Amillepora25320	Cell cycle control, cell division, chromosome partitioning
Amillepora25311	Lipid transport and metabolism
Amillepora25331	Carbohydrate transport and metabolism
Amillepora25328	Signal transduction mechanisms
Amillepora25330	Carbohydrate transport and metabolism
Amillepora25333	Posttranslational modification, protein turnover, chaperones
Amillepora25335	RNA processing and modification
Amillepora25336	Posttranslational modification, protein turnover, chaperones
Amillepora25341	Posttranslational modification, protein turnover, chaperones
Amillepora25334	Posttranslational modification, protein turnover, chaperones
Amillepora25337	Translation, ribosomal structure and biogenesis
Amillepora25347	Signal transduction mechanisms
Amillepora25348	Signal transduction mechanisms
Amillepora25350	Signal transduction mechanisms
Amillepora25356	Cytoskeleton
Amillepora25355	RNA processing and modification
Amillepora25360	Transcription
Amillepora25367	Cell cycle control, cell division, chromosome partitioning
Amillepora25369	Extracellular structures
Amillepora25373	Cell wall/membrane/envelope biogenesis
Amillepora25378	Carbohydrate transport and metabolism
Amillepora25384	Secondary metabolites biosynthesis, transport and catabolism
Amillepora25376	Carbohydrate transport and metabolism
Amillepora25383	Secondary metabolites biosynthesis, transport and catabolism
Amillepora25382	Intracellular trafficking, secretion, and vesicular transport
Amillepora25390	Signal transduction mechanisms
Amillepora25385	Secondary metabolites biosynthesis, transport and catabolism
Amillepora25386	Replication, recombination and repair
Amillepora25389	Secondary metabolites biosynthesis, transport and catabolism
Amillepora25395	Posttranslational modification, protein turnover, chaperones
Amillepora25392	Lipid transport and metabolism
Amillepora15094	Signal transduction mechanisms
Amillepora15088	RNA processing and modification
Amillepora15092	Transcription
Amillepora15112	Carbohydrate transport and metabolism
Amillepora15110	Lipid transport and metabolism
Amillepora15105	Signal transduction mechanisms
Amillepora15108	Transcription
Amillepora15115	Secondary metabolites biosynthesis, transport and catabolism
Amillepora15120	Carbohydrate transport and metabolism
Amillepora15119	Transcription
Amillepora15114	Signal transduction mechanisms
Amillepora15111	RNA processing and modification
Amillepora15124	Transcription
Amillepora15127	Secondary metabolites biosynthesis, transport and catabolism
Amillepora15128	Carbohydrate transport and metabolism
Amillepora15121	Translation, ribosomal structure and biogenesis
Amillepora15130	RNA processing and modification
Amillepora15123	Energy production and conversion
Amillepora15139	Transcription
Amillepora15136	RNA processing and modification
Amillepora15141	RNA processing and modification
Amillepora15135	Translation, ribosomal structure and biogenesis
Amillepora15132	RNA processing and modification
Amillepora15142	Cytoskeleton
Amillepora15137	Transcription
Amillepora15149	Signal transduction mechanisms
Amillepora15144	Translation, ribosomal structure and biogenesis
Amillepora15147	Lipid transport and metabolism
Amillepora15145	Secondary metabolites biosynthesis, transport and catabolism
Amillepora15146	Replication, recombination and repair
Amillepora15148	Posttranslational modification, protein turnover, chaperones
Amillepora15151	Secondary metabolites biosynthesis, transport and catabolism
Amillepora15158	Signal transduction mechanisms
Amillepora15164	RNA processing and modification
Amillepora14866	Carbohydrate transport and metabolism
Amillepora14874	Intracellular trafficking, secretion, and vesicular transport
Amillepora14869	Energy production and conversion
Amillepora15157	Carbohydrate transport and metabolism
Amillepora15161	Chromatin structure and dynamics
Amillepora15159	Transcription
Amillepora15156	Nucleotide transport and metabolism
Amillepora15162	Posttranslational modification, protein turnover, chaperones
Amillepora15154	Intracellular trafficking, secretion, and vesicular transport
Amillepora15155	Replication, recombination and repair
Amillepora15153	Intracellular trafficking, secretion, and vesicular transport
Amillepora15165	RNA processing and modification
Amillepora15167	Signal transduction mechanisms
Amillepora15174	Coenzyme transport and metabolism
Amillepora15171	Transcription
Amillepora15172	Replication, recombination and repair
Amillepora15166	RNA processing and modification
Amillepora15180	Posttranslational modification, protein turnover, chaperones
Amillepora15182	Posttranslational modification, protein turnover, chaperones
Amillepora15178	Posttranslational modification, protein turnover, chaperones
Amillepora15177	Signal transduction mechanisms
Amillepora15185	Posttranslational modification, protein turnover, chaperones
Amillepora15188	Transcription
Amillepora15189	Signal transduction mechanisms
Amillepora15194	Cytoskeleton
Amillepora15196	Signal transduction mechanisms
Amillepora15197	Replication, recombination and repair
Amillepora15205	Amino acid transport and metabolism
Amillepora15202	Posttranslational modification, protein turnover, chaperones
Amillepora15198	Lipid transport and metabolism
Amillepora15219	Transcription
Amillepora15222	Replication, recombination and repair
Amillepora15229	Posttranslational modification, protein turnover, chaperones
Amillepora14867	Nucleotide transport and metabolism
Amillepora14881	Replication, recombination and repair
Amillepora14880	Inorganic ion transport and metabolism
Amillepora14876	Signal transduction mechanisms
Amillepora14878	Replication, recombination and repair
Amillepora14889	Intracellular trafficking, secretion, and vesicular transport
Amillepora15230	Posttranslational modification, protein turnover, chaperones
Amillepora15226	Cytoskeleton
Amillepora15243	Secondary metabolites biosynthesis, transport and catabolism
Amillepora15241	Translation, ribosomal structure and biogenesis
Amillepora15239	Signal transduction mechanisms
Amillepora15242	Signal transduction mechanisms
Amillepora15237	Lipid transport and metabolism
Amillepora15245	Amino acid transport and metabolism
Amillepora15256	Replication, recombination and repair
Amillepora15260	Translation, ribosomal structure and biogenesis
Amillepora15255	Replication, recombination and repair
Amillepora15257	Amino acid transport and metabolism
Amillepora15259	Amino acid transport and metabolism
Amillepora15268	Posttranslational modification, protein turnover, chaperones
Amillepora15261	Amino acid transport and metabolism
Amillepora15281	Signal transduction mechanisms
Amillepora15272	Replication, recombination and repair
Amillepora15271	Amino acid transport and metabolism
Amillepora15279	Secondary metabolites biosynthesis, transport and catabolism
Amillepora15284	RNA processing and modification
Amillepora15289	Signal transduction mechanisms
Amillepora15291	Posttranslational modification, protein turnover, chaperones
Amillepora15285	Transcription
Amillepora15286	Cell cycle control, cell division, chromosome partitioning
Amillepora15294	RNA processing and modification
Amillepora15295	Posttranslational modification, protein turnover, chaperones
Amillepora15297	Extracellular structures
Amillepora15305	Posttranslational modification, protein turnover, chaperones
Amillepora15301	Intracellular trafficking, secretion, and vesicular transport
Amillepora15303	Signal transduction mechanisms
Amillepora15299	Signal transduction mechanisms
Amillepora15312	Cell cycle control, cell division, chromosome partitioning
Amillepora15306	Replication, recombination and repair
Amillepora15310	Intracellular trafficking, secretion, and vesicular transport
Amillepora14882	Amino acid transport and metabolism
Amillepora14883	Amino acid transport and metabolism
Amillepora14888	Cell wall/membrane/envelope biogenesis
Amillepora14887	Cytoskeleton
Amillepora15316	Signal transduction mechanisms
Amillepora15315	RNA processing and modification
Amillepora15317	Lipid transport and metabolism
Amillepora15313	Signal transduction mechanisms
Amillepora15326	Secondary metabolites biosynthesis, transport and catabolism
Amillepora15323	Lipid transport and metabolism
Amillepora15328	Amino acid transport and metabolism
Amillepora15322	Transcription
Amillepora15332	Replication, recombination and repair
Amillepora15321	Inorganic ion transport and metabolism
Amillepora15333	Nucleotide transport and metabolism
Amillepora15335	Signal transduction mechanisms
Amillepora15336	Posttranslational modification, protein turnover, chaperones
Amillepora15338	Signal transduction mechanisms
Amillepora15346	Signal transduction mechanisms
Amillepora15339	Cytoskeleton
Amillepora15344	Cytoskeleton
Amillepora15340	Cytoskeleton
Amillepora15347	Coenzyme transport and metabolism
Amillepora15348	Inorganic ion transport and metabolism
Amillepora15351	Replication, recombination and repair
Amillepora15353	Carbohydrate transport and metabolism
Amillepora15349	Lipid transport and metabolism
Amillepora15364	Nucleotide transport and metabolism
Amillepora15363	Posttranslational modification, protein turnover, chaperones
Amillepora15369	Posttranslational modification, protein turnover, chaperones
Amillepora15375	Cell wall/membrane/envelope biogenesis
Amillepora15376	Signal transduction mechanisms
Amillepora15373	Posttranslational modification, protein turnover, chaperones
Amillepora15377	Replication, recombination and repair
Amillepora15380	Lipid transport and metabolism
Amillepora15379	Signal transduction mechanisms
Amillepora14891	Intracellular trafficking, secretion, and vesicular transport
Amillepora14886	Posttranslational modification, protein turnover, chaperones
Amillepora14894	Posttranslational modification, protein turnover, chaperones
Amillepora14897	Cytoskeleton
Amillepora14901	Energy production and conversion
Amillepora15382	Lipid transport and metabolism
Amillepora15378	Translation, ribosomal structure and biogenesis
Amillepora15387	RNA processing and modification
Amillepora15385	Lipid transport and metabolism
Amillepora15386	Transcription
Amillepora15384	Lipid transport and metabolism
Amillepora15391	Extracellular structures
Amillepora15392	Inorganic ion transport and metabolism
Amillepora15393	RNA processing and modification
Amillepora15400	Signal transduction mechanisms
Amillepora15397	RNA processing and modification
Amillepora15401	RNA processing and modification
Amillepora15406	Signal transduction mechanisms
Amillepora15407	Transcription
Amillepora15408	Carbohydrate transport and metabolism
Amillepora15405	Replication, recombination and repair
Amillepora15412	Signal transduction mechanisms
Amillepora15415	Signal transduction mechanisms
Amillepora15414	Signal transduction mechanisms
Amillepora15410	Amino acid transport and metabolism
Amillepora15409	Signal transduction mechanisms
Amillepora15416	Transcription
Amillepora15429	Posttranslational modification, protein turnover, chaperones
Amillepora15431	Replication, recombination and repair
Amillepora15438	Signal transduction mechanisms
Amillepora15434	Posttranslational modification, protein turnover, chaperones
Amillepora15442	RNA processing and modification
Amillepora15457	Intracellular trafficking, secretion, and vesicular transport
Amillepora15452	Transcription
Amillepora15451	Energy production and conversion
Amillepora15456	Carbohydrate transport and metabolism
Amillepora14903	Amino acid transport and metabolism
Amillepora14914	Intracellular trafficking, secretion, and vesicular transport
Amillepora14902	Translation, ribosomal structure and biogenesis
Amillepora14908	Signal transduction mechanisms
Amillepora14900	Translation, ribosomal structure and biogenesis
Amillepora15449	Transcription
Amillepora15461	Intracellular trafficking, secretion, and vesicular transport
Amillepora15466	Nucleotide transport and metabolism
Amillepora15459	Posttranslational modification, protein turnover, chaperones
Amillepora15460	Posttranslational modification, protein turnover, chaperones
Amillepora15484	Chromatin structure and dynamics
Amillepora15506	Replication, recombination and repair
Amillepora15504	Energy production and conversion
Amillepora15510	Signal transduction mechanisms
Amillepora15511	Replication, recombination and repair
Amillepora15512	Inorganic ion transport and metabolism
Amillepora15521	Transcription
Amillepora15520	Transcription
Amillepora15522	Amino acid transport and metabolism
Amillepora15523	Transcription
Amillepora15527	Posttranslational modification, protein turnover, chaperones
Amillepora14915	Signal transduction mechanisms
Amillepora15526	Cell cycle control, cell division, chromosome partitioning
Amillepora15531	Cytoskeleton
Amillepora15532	Cell cycle control, cell division, chromosome partitioning
Amillepora15525	Chromatin structure and dynamics
Amillepora15536	Signal transduction mechanisms
Amillepora15538	Transcription
Amillepora15544	Signal transduction mechanisms
Amillepora15547	Replication, recombination and repair
Amillepora15541	Translation, ribosomal structure and biogenesis
Amillepora15549	Replication, recombination and repair
Amillepora15546	Intracellular trafficking, secretion, and vesicular transport
Amillepora15551	Transcription
Amillepora15564	Transcription
Amillepora15576	Nucleotide transport and metabolism
Amillepora15574	Cytoskeleton
Amillepora15572	Replication, recombination and repair
Amillepora15573	Carbohydrate transport and metabolism
Amillepora15578	Signal transduction mechanisms
Amillepora15581	RNA processing and modification
Amillepora15580	RNA processing and modification
Amillepora15589	Inorganic ion transport and metabolism
Amillepora15588	Secondary metabolites biosynthesis, transport and catabolism
Amillepora15587	Secondary metabolites biosynthesis, transport and catabolism
Amillepora15593	Inorganic ion transport and metabolism
Amillepora14928	Amino acid transport and metabolism
